[{"SourceIDValue":"302667375","TargetID":"20589684","EntityType":"person"},{"SourceIDValue":"302821908","TargetID":"20587998","EntityType":"person"},{"SourceIDValue":"269882936","TargetID":"20590805","EntityType":"person"},{"SourceIDValue":"306757648","TargetID":"20592081","EntityType":"person"},{"SourceIDValue":"269895402","TargetID":"20590940","EntityType":"person"},{"SourceIDValue":"292684291","TargetID":"20589105","EntityType":"person"},{"SourceIDValue":"292748998","TargetID":"20590062","EntityType":"person"},{"SourceIDValue":"293375661","TargetID":"20589418","EntityType":"person"},{"SourceIDValue":"293507953","TargetID":"20590346","EntityType":"person"},{"SourceIDValue":"293667111","TargetID":"20589669","EntityType":"person"},{"SourceIDValue":"293686962","TargetID":"20589177","EntityType":"person"},{"SourceIDValue":"293889077","TargetID":"20589581","EntityType":"person"},{"SourceIDValue":"268877894","TargetID":"20588982","EntityType":"person"},{"SourceIDValue":"294749413","TargetID":"20594946","EntityType":"person"},{"SourceIDValue":"295561637","TargetID":"20589519","EntityType":"person"},{"SourceIDValue":"295600117","TargetID":"20590038","EntityType":"person"},{"SourceIDValue":"295648859","TargetID":"20589451","EntityType":"person"},{"SourceIDValue":"295828294","TargetID":"20589028","EntityType":"person"},{"SourceIDValue":"296665543","TargetID":"20592574","EntityType":"person"},{"SourceIDValue":"296670996","TargetID":"20589598","EntityType":"person"},{"SourceIDValue":"296783292","TargetID":"20589882","EntityType":"person"},{"SourceIDValue":"296802642","TargetID":"20589980","EntityType":"person"},{"SourceIDValue":"296883450","TargetID":"20590200","EntityType":"person"},{"SourceIDValue":"296905780","TargetID":"20596558","EntityType":"person"},{"SourceIDValue":"296928317","TargetID":"20586258","EntityType":"person"},{"SourceIDValue":"296966116","TargetID":"20599303","EntityType":"person"},{"SourceIDValue":"297541122","TargetID":"20592875","EntityType":"person"},{"SourceIDValue":"297665556","TargetID":"20588659","EntityType":"person"},{"SourceIDValue":"297681895","TargetID":"20589582","EntityType":"person"},{"SourceIDValue":"297727140","TargetID":"20589055","EntityType":"person"},{"SourceIDValue":"297728687","TargetID":"20597705","EntityType":"person"},{"SourceIDValue":"297760378","TargetID":"20598518","EntityType":"person"},{"SourceIDValue":"297783409","TargetID":"20589566","EntityType":"person"},{"SourceIDValue":"297839437","TargetID":"20589381","EntityType":"person"},{"SourceIDValue":"269084993","TargetID":"20589557","EntityType":"person"},{"SourceIDValue":"297869213","TargetID":"20597574","EntityType":"person"},{"SourceIDValue":"298641889","TargetID":"20589468","EntityType":"person"},{"SourceIDValue":"298647498","TargetID":"20590054","EntityType":"person"},{"SourceIDValue":"298705061","TargetID":"20588746","EntityType":"person"},{"SourceIDValue":"298789194","TargetID":"20593475","EntityType":"person"},{"SourceIDValue":"298807802","TargetID":"20589692","EntityType":"person"},{"SourceIDValue":"298946777","TargetID":"20599029","EntityType":"person"},{"SourceIDValue":"269704945","TargetID":"20588796","EntityType":"person"},{"SourceIDValue":"299666712","TargetID":"20589813","EntityType":"person"},{"SourceIDValue":"299723057","TargetID":"20589193","EntityType":"person"},{"SourceIDValue":"299766244","TargetID":"20588707","EntityType":"person"},{"SourceIDValue":"299866928","TargetID":"20589569","EntityType":"person"},{"SourceIDValue":"299929852","TargetID":"20598523","EntityType":"person"},{"SourceIDValue":"300504582","TargetID":"20588635","EntityType":"person"},{"SourceIDValue":"300703305","TargetID":"20589101","EntityType":"person"},{"SourceIDValue":"300825241","TargetID":"20596680","EntityType":"person"},{"SourceIDValue":"300829682","TargetID":"20590365","EntityType":"person"},{"SourceIDValue":"300880630","TargetID":"20596609","EntityType":"person"},{"SourceIDValue":"300883355","TargetID":"20593419","EntityType":"person"},{"SourceIDValue":"300908464","TargetID":"20595549","EntityType":"person"},{"SourceIDValue":"300941139","TargetID":"20595239","EntityType":"person"},{"SourceIDValue":"301183240","TargetID":"20589329","EntityType":"person"},{"SourceIDValue":"269802754","TargetID":"20589893","EntityType":"person"},{"SourceIDValue":"301769865","TargetID":"20593659","EntityType":"person"},{"SourceIDValue":"310841708","TargetID":"20587101","EntityType":"person"},{"SourceIDValue":"312682213","TargetID":"20589256","EntityType":"person"},{"SourceIDValue":"313027008","TargetID":"20589752","EntityType":"person"},{"SourceIDValue":"317687283","TargetID":"20590123","EntityType":"person"},{"SourceIDValue":"317868338","TargetID":"20588986","EntityType":"person"},{"SourceIDValue":"325681626","TargetID":"20593791","EntityType":"person"},{"SourceIDValue":"336848650","TargetID":"20585830","EntityType":"person"},{"SourceIDValue":"338866188","TargetID":"20595402","EntityType":"person"},{"SourceIDValue":"345642841","TargetID":"20588574","EntityType":"person"},{"SourceIDValue":"347130856","TargetID":"20590185","EntityType":"person"},{"SourceIDValue":"354609409","TargetID":"20588709","EntityType":"person"},{"SourceIDValue":"358389829","TargetID":"20589213","EntityType":"person"},{"SourceIDValue":"364781077","TargetID":"20589546","EntityType":"person"},{"SourceIDValue":"367801173","TargetID":"20588859","EntityType":"person"},{"SourceIDValue":"368768967","TargetID":"20589375","EntityType":"person"},{"SourceIDValue":"371906868","TargetID":"20589180","EntityType":"person"},{"SourceIDValue":"372805813","TargetID":"20589854","EntityType":"person"},{"SourceIDValue":"270405217","TargetID":"20585179","EntityType":"person"},{"SourceIDValue":"378545234","TargetID":"20590576","EntityType":"person"},{"SourceIDValue":"378782612","TargetID":"20589344","EntityType":"person"},{"SourceIDValue":"380028936","TargetID":"20599970","EntityType":"person"},{"SourceIDValue":"270546540","TargetID":"20590364","EntityType":"person"},{"SourceIDValue":"386789214","TargetID":"20598792","EntityType":"person"},{"SourceIDValue":"387484840","TargetID":"20588370","EntityType":"person"},{"SourceIDValue":"390755725","TargetID":"20596702","EntityType":"person"},{"SourceIDValue":"396705021","TargetID":"20589077","EntityType":"person"},{"SourceIDValue":"399782639","TargetID":"20594841","EntityType":"person"},{"SourceIDValue":"399961687","TargetID":"20587261","EntityType":"person"},{"SourceIDValue":"402744841","TargetID":"20589853","EntityType":"person"},{"SourceIDValue":"403905932","TargetID":"20589123","EntityType":"person"},{"SourceIDValue":"404961542","TargetID":"20588555","EntityType":"person"},{"SourceIDValue":"416260322","TargetID":"20589889","EntityType":"person"},{"SourceIDValue":"416823810","TargetID":"20589817","EntityType":"person"},{"SourceIDValue":"427987760","TargetID":"20589079","EntityType":"person"},{"SourceIDValue":"472026384","TargetID":"20596410","EntityType":"person"},{"SourceIDValue":"488744360","TargetID":"20589659","EntityType":"person"},{"SourceIDValue":"490680336","TargetID":"20589233","EntityType":"person"},{"SourceIDValue":"496763879","TargetID":"20588558","EntityType":"person"},{"SourceIDValue":"524681422","TargetID":"20588964","EntityType":"person"},{"SourceIDValue":"546355906","TargetID":"20586434","EntityType":"person"},{"SourceIDValue":"571811973","TargetID":"20587957","EntityType":"person"},{"SourceIDValue":"574348365","TargetID":"20585929","EntityType":"person"},{"SourceIDValue":"574377276","TargetID":"20599559","EntityType":"person"},{"SourceIDValue":"141624692","TargetID":"20589646","EntityType":"person"},{"SourceIDValue":"597249521","TargetID":"20598318","EntityType":"person"},{"SourceIDValue":"612769675","TargetID":"20591533","EntityType":"person"},{"SourceIDValue":"623666267","TargetID":"20597849","EntityType":"person"},{"SourceIDValue":"794660178","TargetID":"20589607","EntityType":"person"},{"SourceIDValue":"979589512","TargetID":"20585453","EntityType":"person"},{"SourceIDValue":"EXCEPTION - NO SSN","TargetID":"20584901","EntityType":"person"},{"SourceIDValue":"EXCEPTION - NO SSN","TargetID":"20585137","EntityType":"person"},{"SourceIDValue":"EXCEPTION - NO SSN","TargetID":"20585264","EntityType":"person"},{"SourceIDValue":"EXCEPTION - NO SSN","TargetID":"20585265","EntityType":"person"},{"SourceIDValue":"EXCEPTION - NO SSN","TargetID":"20585271","EntityType":"person"},{"SourceIDValue":"EXCEPTION - NO SSN","TargetID":"20585281","EntityType":"person"},{"SourceIDValue":"EXCEPTION - NO SSN","TargetID":"20585283","EntityType":"person"},{"SourceIDValue":"EXCEPTION - NO SSN","TargetID":"20585408","EntityType":"person"},{"SourceIDValue":"EXCEPTION - NO SSN","TargetID":"20585502","EntityType":"person"},{"SourceIDValue":"EXCEPTION - NO SSN","TargetID":"20585528","EntityType":"person"},{"SourceIDValue":"EXCEPTION - NO SSN","TargetID":"20585568","EntityType":"person"},{"SourceIDValue":"EXCEPTION - NO SSN","TargetID":"20585746","EntityType":"person"},{"SourceIDValue":"EXCEPTION - NO SSN","TargetID":"20585748","EntityType":"person"},{"SourceIDValue":"EXCEPTION - NO SSN","TargetID":"20585766","EntityType":"person"},{"SourceIDValue":"EXCEPTION - NO SSN","TargetID":"20585775","EntityType":"person"},{"SourceIDValue":"EXCEPTION - NO SSN","TargetID":"20585795","EntityType":"person"},{"SourceIDValue":"EXCEPTION - NO SSN","TargetID":"20585797","EntityType":"person"},{"SourceIDValue":"EXCEPTION - NO SSN","TargetID":"20585810","EntityType":"person"},{"SourceIDValue":"EXCEPTION - NO SSN","TargetID":"20585828","EntityType":"person"},{"SourceIDValue":"EXCEPTION - NO SSN","TargetID":"20585833","EntityType":"person"},{"SourceIDValue":"EXCEPTION - NO SSN","TargetID":"20585846","EntityType":"person"},{"SourceIDValue":"EXCEPTION - NO SSN","TargetID":"20585848","EntityType":"person"},{"SourceIDValue":"EXCEPTION - NO SSN","TargetID":"20586136","EntityType":"person"},{"SourceIDValue":"EXCEPTION - NO SSN","TargetID":"20586231","EntityType":"person"},{"SourceIDValue":"EXCEPTION - NO SSN","TargetID":"20586236","EntityType":"person"},{"SourceIDValue":"EXCEPTION - NO SSN","TargetID":"20586274","EntityType":"person"},{"SourceIDValue":"EXCEPTION - NO SSN","TargetID":"20586289","EntityType":"person"},{"SourceIDValue":"EXCEPTION - NO SSN","TargetID":"20586290","EntityType":"person"},{"SourceIDValue":"EXCEPTION - NO SSN","TargetID":"20586301","EntityType":"person"},{"SourceIDValue":"EXCEPTION - NO SSN","TargetID":"20586311","EntityType":"person"},{"SourceIDValue":"EXCEPTION - NO SSN","TargetID":"20586322","EntityType":"person"},{"SourceIDValue":"EXCEPTION - NO SSN","TargetID":"20586353","EntityType":"person"},{"SourceIDValue":"EXCEPTION - NO SSN","TargetID":"20586410","EntityType":"person"},{"SourceIDValue":"EXCEPTION - NO SSN","TargetID":"20586415","EntityType":"person"},{"SourceIDValue":"EXCEPTION - NO SSN","TargetID":"20586685","EntityType":"person"},{"SourceIDValue":"EXCEPTION - NO SSN","TargetID":"20586692","EntityType":"person"},{"SourceIDValue":"EXCEPTION - NO SSN","TargetID":"20586734","EntityType":"person"},{"SourceIDValue":"EXCEPTION - NO SSN","TargetID":"20586740","EntityType":"person"},{"SourceIDValue":"EXCEPTION - NO SSN","TargetID":"20586746","EntityType":"person"},{"SourceIDValue":"EXCEPTION - NO SSN","TargetID":"20586753","EntityType":"person"},{"SourceIDValue":"EXCEPTION - NO SSN","TargetID":"20586758","EntityType":"person"},{"SourceIDValue":"EXCEPTION - NO SSN","TargetID":"20586759","EntityType":"person"},{"SourceIDValue":"EXCEPTION - NO SSN","TargetID":"20586768","EntityType":"person"},{"SourceIDValue":"EXCEPTION - NO SSN","TargetID":"20586772","EntityType":"person"},{"SourceIDValue":"EXCEPTION - NO SSN","TargetID":"20586877","EntityType":"person"},{"SourceIDValue":"EXCEPTION - NO SSN","TargetID":"20586903","EntityType":"person"},{"SourceIDValue":"EXCEPTION - NO SSN","TargetID":"20586915","EntityType":"person"},{"SourceIDValue":"EXCEPTION - NO SSN","TargetID":"20586998","EntityType":"person"},{"SourceIDValue":"EXCEPTION - NO SSN","TargetID":"20587075","EntityType":"person"},{"SourceIDValue":"EXCEPTION - NO SSN","TargetID":"20587076","EntityType":"person"},{"SourceIDValue":"EXCEPTION - NO SSN","TargetID":"20587077","EntityType":"person"},{"SourceIDValue":"EXCEPTION - NO SSN","TargetID":"20587079","EntityType":"person"},{"SourceIDValue":"EXCEPTION - NO SSN","TargetID":"20587080","EntityType":"person"},{"SourceIDValue":"EXCEPTION - NO SSN","TargetID":"20587086","EntityType":"person"},{"SourceIDValue":"EXCEPTION - NO SSN","TargetID":"20587295","EntityType":"person"},{"SourceIDValue":"EXCEPTION - NO SSN","TargetID":"20587304","EntityType":"person"},{"SourceIDValue":"EXCEPTION - NO SSN","TargetID":"20587335","EntityType":"person"},{"SourceIDValue":"EXCEPTION - NO SSN","TargetID":"20587342","EntityType":"person"},{"SourceIDValue":"EXCEPTION - NO SSN","TargetID":"20587519","EntityType":"person"},{"SourceIDValue":"EXCEPTION - NO SSN","TargetID":"20587662","EntityType":"person"},{"SourceIDValue":"EXCEPTION - NO SSN","TargetID":"20587727","EntityType":"person"},{"SourceIDValue":"EXCEPTION - NO SSN","TargetID":"20587799","EntityType":"person"},{"SourceIDValue":"EXCEPTION - NO SSN","TargetID":"20587822","EntityType":"person"},{"SourceIDValue":"EXCEPTION - NO SSN","TargetID":"20587890","EntityType":"person"},{"SourceIDValue":"EXCEPTION - NO SSN","TargetID":"20587907","EntityType":"person"},{"SourceIDValue":"EXCEPTION - NO SSN","TargetID":"20587946","EntityType":"person"},{"SourceIDValue":"EXCEPTION - NO SSN","TargetID":"20587963","EntityType":"person"},{"SourceIDValue":"EXCEPTION - NO SSN","TargetID":"20587999","EntityType":"person"},{"SourceIDValue":"EXCEPTION - NO SSN","TargetID":"20588054","EntityType":"person"},{"SourceIDValue":"EXCEPTION - NO SSN","TargetID":"20588110","EntityType":"person"},{"SourceIDValue":"EXCEPTION - NO SSN","TargetID":"20588220","EntityType":"person"},{"SourceIDValue":"EXCEPTION - NO SSN","TargetID":"20588225","EntityType":"person"},{"SourceIDValue":"EXCEPTION - NO SSN","TargetID":"20588237","EntityType":"person"},{"SourceIDValue":"EXCEPTION - NO SSN","TargetID":"20588256","EntityType":"person"},{"SourceIDValue":"EXCEPTION - NO SSN","TargetID":"20588274","EntityType":"person"},{"SourceIDValue":"EXCEPTION - NO SSN","TargetID":"20588341","EntityType":"person"},{"SourceIDValue":"EXCEPTION - NO SSN","TargetID":"20588342","EntityType":"person"},{"SourceIDValue":"EXCEPTION - NO SSN","TargetID":"20588366","EntityType":"person"},{"SourceIDValue":"EXCEPTION - NO SSN","TargetID":"20588451","EntityType":"person"},{"SourceIDValue":"EXCEPTION - NO SSN","TargetID":"20588531","EntityType":"person"},{"SourceIDValue":"EXCEPTION - NO SSN","TargetID":"20588606","EntityType":"person"},{"SourceIDValue":"EXCEPTION - NO SSN","TargetID":"20588626","EntityType":"person"},{"SourceIDValue":"EXCEPTION - NO SSN","TargetID":"20588706","EntityType":"person"},{"SourceIDValue":"EXCEPTION - NO SSN","TargetID":"20588719","EntityType":"person"},{"SourceIDValue":"EXCEPTION - NO SSN","TargetID":"20588753","EntityType":"person"},{"SourceIDValue":"EXCEPTION - NO SSN","TargetID":"20588805","EntityType":"person"},{"SourceIDValue":"EXCEPTION - NO SSN","TargetID":"20588877","EntityType":"person"},{"SourceIDValue":"EXCEPTION - NO SSN","TargetID":"20588970","EntityType":"person"},{"SourceIDValue":"EXCEPTION - NO SSN","TargetID":"20588971","EntityType":"person"},{"SourceIDValue":"EXCEPTION - NO SSN","TargetID":"20589086","EntityType":"person"},{"SourceIDValue":"EXCEPTION - NO SSN","TargetID":"20589093","EntityType":"person"},{"SourceIDValue":"EXCEPTION - NO SSN","TargetID":"20589174","EntityType":"person"},{"SourceIDValue":"EXCEPTION - NO SSN","TargetID":"20589218","EntityType":"person"},{"SourceIDValue":"EXCEPTION - NO SSN","TargetID":"20589325","EntityType":"person"},{"SourceIDValue":"EXCEPTION - NO SSN","TargetID":"20589335","EntityType":"person"},{"SourceIDValue":"EXCEPTION - NO SSN","TargetID":"20589336","EntityType":"person"},{"SourceIDValue":"EXCEPTION - NO SSN","TargetID":"20589353","EntityType":"person"},{"SourceIDValue":"EXCEPTION - NO SSN","TargetID":"20589372","EntityType":"person"},{"SourceIDValue":"EXCEPTION - NO SSN","TargetID":"20589414","EntityType":"person"},{"SourceIDValue":"EXCEPTION - NO SSN","TargetID":"20589427","EntityType":"person"},{"SourceIDValue":"EXCEPTION - NO SSN","TargetID":"20589438","EntityType":"person"},{"SourceIDValue":"EXCEPTION - NO SSN","TargetID":"20589491","EntityType":"person"},{"SourceIDValue":"EXCEPTION - NO SSN","TargetID":"20589561","EntityType":"person"},{"SourceIDValue":"EXCEPTION - NO SSN","TargetID":"20589821","EntityType":"person"},{"SourceIDValue":"EXCEPTION - NO SSN","TargetID":"20589827","EntityType":"person"},{"SourceIDValue":"EXCEPTION - NO SSN","TargetID":"20589886","EntityType":"person"},{"SourceIDValue":"EXCEPTION - NO SSN","TargetID":"20590005","EntityType":"person"},{"SourceIDValue":"EXCEPTION - NO SSN","TargetID":"20590291","EntityType":"person"},{"SourceIDValue":"EXCEPTION - NO SSN","TargetID":"20590370","EntityType":"person"},{"SourceIDValue":"EXCEPTION - NO SSN","TargetID":"20590625","EntityType":"person"},{"SourceIDValue":"EXCEPTION - NO SSN","TargetID":"20591309","EntityType":"person"},{"SourceIDValue":"EXCEPTION - NO SSN","TargetID":"20591565","EntityType":"person"},{"SourceIDValue":"EXCEPTION - NO SSN","TargetID":"20593080","EntityType":"person"},{"SourceIDValue":"EXCEPTION - NO SSN","TargetID":"20593261","EntityType":"person"},{"SourceIDValue":"EXCEPTION - NO SSN","TargetID":"20593262","EntityType":"person"},{"SourceIDValue":"EXCEPTION - NO SSN","TargetID":"20593463","EntityType":"person"},{"SourceIDValue":"EXCEPTION - NO SSN","TargetID":"20593464","EntityType":"person"},{"SourceIDValue":"EXCEPTION - NO SSN","TargetID":"20593465","EntityType":"person"},{"SourceIDValue":"EXCEPTION - NO SSN","TargetID":"20593467","EntityType":"person"},{"SourceIDValue":"EXCEPTION - NO SSN","TargetID":"20593468","EntityType":"person"},{"SourceIDValue":"EXCEPTION - NO SSN","TargetID":"20593469","EntityType":"person"},{"SourceIDValue":"EXCEPTION - NO SSN","TargetID":"20593470","EntityType":"person"},{"SourceIDValue":"EXCEPTION - NO SSN","TargetID":"20593471","EntityType":"person"},{"SourceIDValue":"EXCEPTION - NO SSN","TargetID":"20593472","EntityType":"person"},{"SourceIDValue":"EXCEPTION - NO SSN","TargetID":"20593474","EntityType":"person"},{"SourceIDValue":"EXCEPTION - NO SSN","TargetID":"20593476","EntityType":"person"},{"SourceIDValue":"EXCEPTION - NO SSN","TargetID":"20593477","EntityType":"person"},{"SourceIDValue":"EXCEPTION - NO SSN","TargetID":"20593478","EntityType":"person"},{"SourceIDValue":"EXCEPTION - NO SSN","TargetID":"20593479","EntityType":"person"},{"SourceIDValue":"EXCEPTION - NO SSN","TargetID":"20594093","EntityType":"person"},{"SourceIDValue":"EXCEPTION - NO SSN","TargetID":"20594094","EntityType":"person"},{"SourceIDValue":"EXCEPTION - NO SSN","TargetID":"20594277","EntityType":"person"},{"SourceIDValue":"EXCEPTION - NO SSN","TargetID":"20594868","EntityType":"person"},{"SourceIDValue":"EXCEPTION - NO SSN","TargetID":"20584873","EntityType":"person"},{"SourceIDValue":"EXCEPTION - NO SSN","TargetID":"20585109","EntityType":"person"},{"SourceIDValue":"EXCEPTION - NO SSN","TargetID":"20585277","EntityType":"person"},{"SourceIDValue":"EXCEPTION - NO SSN","TargetID":"20585712","EntityType":"person"},{"SourceIDValue":"EXCEPTION - NO SSN","TargetID":"20585843","EntityType":"person"},{"SourceIDValue":"EXCEPTION - NO SSN","TargetID":"20586175","EntityType":"person"},{"SourceIDValue":"EXCEPTION - NO SSN","TargetID":"20586176","EntityType":"person"},{"SourceIDValue":"EXCEPTION - NO SSN","TargetID":"20586422","EntityType":"person"},{"SourceIDValue":"EXCEPTION - NO SSN","TargetID":"20586594","EntityType":"person"},{"SourceIDValue":"EXCEPTION - NO SSN","TargetID":"20586640","EntityType":"person"},{"SourceIDValue":"EXCEPTION - NO SSN","TargetID":"20587195","EntityType":"person"},{"SourceIDValue":"EXCEPTION - NO SSN","TargetID":"20588519","EntityType":"person"},{"SourceIDValue":"EXCEPTION - NO SSN","TargetID":"20588544","EntityType":"person"},{"SourceIDValue":"EXCEPTION - NO SSN","TargetID":"20588545","EntityType":"person"},{"SourceIDValue":"EXCEPTION - NO SSN","TargetID":"20588676","EntityType":"person"},{"SourceIDValue":"EXCEPTION - NO SSN","TargetID":"20588677","EntityType":"person"},{"SourceIDValue":"EXCEPTION - NO SSN","TargetID":"20588802","EntityType":"person"},{"SourceIDValue":"EXCEPTION - NO SSN","TargetID":"20588833","EntityType":"person"},{"SourceIDValue":"EXCEPTION - NO SSN","TargetID":"20588834","EntityType":"person"},{"SourceIDValue":"EXCEPTION - NO SSN","TargetID":"20588835","EntityType":"person"},{"SourceIDValue":"EXCEPTION - NO SSN","TargetID":"20588836","EntityType":"person"},{"SourceIDValue":"EXCEPTION - NO SSN","TargetID":"20589332","EntityType":"person"},{"SourceIDValue":"EXCEPTION - NO SSN","TargetID":"20589417","EntityType":"person"},{"SourceIDValue":"EXCEPTION - NO SSN","TargetID":"20589750","EntityType":"person"},{"SourceIDValue":"EXCEPTION - NO SSN","TargetID":"20590686","EntityType":"person"},{"SourceIDValue":"EXCEPTION - NO SSN","TargetID":"20592702","EntityType":"person"},{"SourceIDValue":"EXCEPTION - NO SSN","TargetID":"20593462","EntityType":"person"},{"SourceIDValue":"EXCEPTION - NO SSN","TargetID":"20593480","EntityType":"person"},{"SourceIDValue":"EXCEPTION - NO SSN","TargetID":"20593612","EntityType":"person"},{"SourceIDValue":"EXCEPTION - NO SSN","TargetID":"20594992","EntityType":"person"},{"SourceIDValue":"EXCEPTION - NO SSN","TargetID":"20595305","EntityType":"person"},{"SourceIDValue":"EXCEPTION - NO SSN","TargetID":"20595378","EntityType":"person"},{"SourceIDValue":"EXCEPTION - NO SSN","TargetID":"20595653","EntityType":"person"},{"SourceIDValue":"EXCEPTION - NO SSN","TargetID":"20595654","EntityType":"person"},{"SourceIDValue":"EXCEPTION - NO SSN","TargetID":"20595889","EntityType":"person"},{"SourceIDValue":"EXCEPTION - NO SSN","TargetID":"20595936","EntityType":"person"},{"SourceIDValue":"EXCEPTION - NO SSN","TargetID":"20595973","EntityType":"person"},{"SourceIDValue":"EXCEPTION - NO SSN","TargetID":"20596037","EntityType":"person"},{"SourceIDValue":"EXCEPTION - NO SSN","TargetID":"20596101","EntityType":"person"},{"SourceIDValue":"EXCEPTION - NO SSN","TargetID":"20596374","EntityType":"person"},{"SourceIDValue":"EXCEPTION - NO SSN","TargetID":"20596377","EntityType":"person"},{"SourceIDValue":"EXCEPTION - NO SSN","TargetID":"20596449","EntityType":"person"},{"SourceIDValue":"EXCEPTION - NO SSN","TargetID":"20597062","EntityType":"person"},{"SourceIDValue":"EXCEPTION - NO SSN","TargetID":"20597073","EntityType":"person"},{"SourceIDValue":"EXCEPTION - NO SSN","TargetID":"20597074","EntityType":"person"},{"SourceIDValue":"EXCEPTION - NO SSN","TargetID":"20597378","EntityType":"person"},{"SourceIDValue":"EXCEPTION - NO SSN","TargetID":"20597721","EntityType":"person"},{"SourceIDValue":"EXCEPTION - NO SSN","TargetID":"20597722","EntityType":"person"},{"SourceIDValue":"EXCEPTION - NO SSN","TargetID":"20597820","EntityType":"person"},{"SourceIDValue":"EXCEPTION - NO SSN","TargetID":"20597857","EntityType":"person"},{"SourceIDValue":"EXCEPTION - NO SSN","TargetID":"20597885","EntityType":"person"},{"SourceIDValue":"EXCEPTION - NO SSN","TargetID":"20597992","EntityType":"person"},{"SourceIDValue":"EXCEPTION - NO SSN","TargetID":"20598282","EntityType":"person"},{"SourceIDValue":"EXCEPTION - NO SSN","TargetID":"20598398","EntityType":"person"},{"SourceIDValue":"EXCEPTION - NO SSN","TargetID":"20598445","EntityType":"person"},{"SourceIDValue":"EXCEPTION - NO SSN","TargetID":"20598477","EntityType":"person"},{"SourceIDValue":"EXCEPTION - NO SSN","TargetID":"20598562","EntityType":"person"},{"SourceIDValue":"EXCEPTION - NO SSN","TargetID":"20598594","EntityType":"person"},{"SourceIDValue":"EXCEPTION - NO SSN","TargetID":"20598603","EntityType":"person"},{"SourceIDValue":"EXCEPTION - NO SSN","TargetID":"20598695","EntityType":"person"},{"SourceIDValue":"EXCEPTION - NO SSN","TargetID":"20598697","EntityType":"person"},{"SourceIDValue":"EXCEPTION - NO SSN","TargetID":"20598709","EntityType":"person"},{"SourceIDValue":"EXCEPTION - NO SSN","TargetID":"20598788","EntityType":"person"},{"SourceIDValue":"EXCEPTION - NO SSN","TargetID":"20598789","EntityType":"person"},{"SourceIDValue":"EXCEPTION - NO SSN","TargetID":"20598798","EntityType":"person"},{"SourceIDValue":"EXCEPTION - NO SSN","TargetID":"20598808","EntityType":"person"},{"SourceIDValue":"EXCEPTION - NO SSN","TargetID":"20598868","EntityType":"person"},{"SourceIDValue":"EXCEPTION - NO SSN","TargetID":"20599044","EntityType":"person"},{"SourceIDValue":"EXCEPTION - NO SSN","TargetID":"20599102","EntityType":"person"},{"SourceIDValue":"EXCEPTION - NO SSN","TargetID":"20599178","EntityType":"person"},{"SourceIDValue":"EXCEPTION - NO SSN","TargetID":"20599240","EntityType":"person"},{"SourceIDValue":"EXCEPTION - NO SSN","TargetID":"20599262","EntityType":"person"},{"SourceIDValue":"EXCEPTION - NO SSN","TargetID":"20599263","EntityType":"person"},{"SourceIDValue":"EXCEPTION - NO SSN","TargetID":"20599346","EntityType":"person"},{"SourceIDValue":"EXCEPTION - NO SSN","TargetID":"20599440","EntityType":"person"},{"SourceIDValue":"EXCEPTION - NO SSN","TargetID":"20599543","EntityType":"person"},{"SourceIDValue":"EXCEPTION - NO SSN","TargetID":"20599545","EntityType":"person"},{"SourceIDValue":"EXCEPTION - NO SSN","TargetID":"20599569","EntityType":"person"},{"SourceIDValue":"EXCEPTION - NO SSN","TargetID":"20599604","EntityType":"person"},{"SourceIDValue":"EXCEPTION - NO SSN","TargetID":"20599627","EntityType":"person"},{"SourceIDValue":"EXCEPTION - NO SSN","TargetID":"20599636","EntityType":"person"},{"SourceIDValue":"EXCEPTION - NO SSN","TargetID":"20599702","EntityType":"person"},{"SourceIDValue":"EXCEPTION - NO SSN","TargetID":"20599703","EntityType":"person"},{"SourceIDValue":"EXCEPTION - NO SSN","TargetID":"20599763","EntityType":"person"},{"SourceIDValue":"EXCEPTION - NO SSN","TargetID":"20599766","EntityType":"person"},{"SourceIDValue":"EXCEPTION - NO SSN","TargetID":"20599854","EntityType":"person"},{"SourceIDValue":"EXCEPTION - NO SSN","TargetID":"20599867","EntityType":"person"},{"SourceIDValue":"EXCEPTION - NO SSN","TargetID":"20599973","EntityType":"person"},{"SourceIDValue":"EXCEPTION - NO SSN","TargetID":"20600028","EntityType":"person"},{"SourceIDValue":"EXCEPTION - NO SSN","TargetID":"20600183","EntityType":"person"},{"SourceIDValue":"EXCEPTION - NO SSN","TargetID":"20600184","EntityType":"person"},{"SourceIDValue":"EXCEPTION - NO SSN","TargetID":"20600222","EntityType":"person"},{"SourceIDValue":"EXCEPTION - NO SSN","TargetID":"20600352","EntityType":"person"},{"SourceIDValue":"EXCEPTION - NO SSN","TargetID":"20600358","EntityType":"person"},{"SourceIDValue":"EXCEPTION - NO SSN","TargetID":"20600359","EntityType":"person"},{"SourceIDValue":"EXCEPTION - NO SSN","TargetID":"20600364","EntityType":"person"},{"SourceIDValue":"EXCEPTION - NO SSN","TargetID":"20600557","EntityType":"person"},{"SourceIDValue":"EXCEPTION - NO SSN","TargetID":"20600670","EntityType":"person"},{"SourceIDValue":"EXCEPTION - NO SSN","TargetID":"20600671","EntityType":"person"},{"SourceIDValue":"EXCEPTION - NO SSN","TargetID":"20600672","EntityType":"person"},{"SourceIDValue":"EXCEPTION - NO SSN","TargetID":"20600746","EntityType":"person"},{"SourceIDValue":"EXCEPTION - NO SSN","TargetID":"20600776","EntityType":"person"},{"SourceIDValue":"0","TargetID":"20593945","EntityType":"person"},{"SourceIDValue":"270840367","TargetID":"20588774","EntityType":"person"},{"SourceIDValue":"270863427","TargetID":"20589413","EntityType":"person"},{"SourceIDValue":"270928641","TargetID":"20587262","EntityType":"person"},{"SourceIDValue":"271068855","TargetID":"20593102","EntityType":"person"},{"SourceIDValue":"271946786","TargetID":"20588232","EntityType":"person"},{"SourceIDValue":"272500281","TargetID":"20588820","EntityType":"person"},{"SourceIDValue":"272507946","TargetID":"20591560","EntityType":"person"},{"SourceIDValue":"272561997","TargetID":"20588573","EntityType":"person"},{"SourceIDValue":"174405430","TargetID":"20588412","EntityType":"person"},{"SourceIDValue":"176568075","TargetID":"20600555","EntityType":"person"},{"SourceIDValue":"272720948","TargetID":"20593730","EntityType":"person"},{"SourceIDValue":"272782988","TargetID":"20590276","EntityType":"person"},{"SourceIDValue":"272800830","TargetID":"20596310","EntityType":"person"},{"SourceIDValue":"189582850","TargetID":"20588812","EntityType":"person"},{"SourceIDValue":"272868246","TargetID":"20589545","EntityType":"person"},{"SourceIDValue":"272869537","TargetID":"20589345","EntityType":"person"},{"SourceIDValue":"273081816","TargetID":"20594733","EntityType":"person"},{"SourceIDValue":"273086596","TargetID":"20600138","EntityType":"person"},{"SourceIDValue":"198722167","TargetID":"20587078","EntityType":"person"},{"SourceIDValue":"273585656","TargetID":"20589061","EntityType":"person"},{"SourceIDValue":"273684133","TargetID":"20589267","EntityType":"person"},{"SourceIDValue":"273706359","TargetID":"20589202","EntityType":"person"},{"SourceIDValue":"273723430","TargetID":"20590620","EntityType":"person"},{"SourceIDValue":"201980343","TargetID":"20598087","EntityType":"person"},{"SourceIDValue":"202704527","TargetID":"20589592","EntityType":"person"},{"SourceIDValue":"273865972","TargetID":"20591119","EntityType":"person"},{"SourceIDValue":"273908025","TargetID":"20588211","EntityType":"person"},{"SourceIDValue":"274022360","TargetID":"20585113","EntityType":"person"},{"SourceIDValue":"274041803","TargetID":"20589367","EntityType":"person"},{"SourceIDValue":"274148135","TargetID":"20588723","EntityType":"person"},{"SourceIDValue":"274644805","TargetID":"20590514","EntityType":"person"},{"SourceIDValue":"274663104","TargetID":"20590063","EntityType":"person"},{"SourceIDValue":"217886397","TargetID":"20597643","EntityType":"person"},{"SourceIDValue":"274821210","TargetID":"20590050","EntityType":"person"},{"SourceIDValue":"274867401","TargetID":"20596828","EntityType":"person"},{"SourceIDValue":"274966444","TargetID":"20598163","EntityType":"person"},{"SourceIDValue":"275320921","TargetID":"20586355","EntityType":"person"},{"SourceIDValue":"275403267","TargetID":"20596390","EntityType":"person"},{"SourceIDValue":"275640070","TargetID":"20594527","EntityType":"person"},{"SourceIDValue":"275660924","TargetID":"20593432","EntityType":"person"},{"SourceIDValue":"275685886","TargetID":"20589065","EntityType":"person"},{"SourceIDValue":"275688886","TargetID":"20589066","EntityType":"person"},{"SourceIDValue":"275728980","TargetID":"20588554","EntityType":"person"},{"SourceIDValue":"275728990","TargetID":"20588553","EntityType":"person"},{"SourceIDValue":"275743980","TargetID":"20588691","EntityType":"person"},{"SourceIDValue":"275787921","TargetID":"20593911","EntityType":"person"},{"SourceIDValue":"227720344","TargetID":"20589190","EntityType":"person"},{"SourceIDValue":"276354676","TargetID":"20588483","EntityType":"person"},{"SourceIDValue":"276543014","TargetID":"20588941","EntityType":"person"},{"SourceIDValue":"276640157","TargetID":"20590527","EntityType":"person"},{"SourceIDValue":"276646432","TargetID":"20589586","EntityType":"person"},{"SourceIDValue":"276703908","TargetID":"20588824","EntityType":"person"},{"SourceIDValue":"228640986","TargetID":"20588480","EntityType":"person"},{"SourceIDValue":"228741715","TargetID":"20590423","EntityType":"person"},{"SourceIDValue":"276760164","TargetID":"20598615","EntityType":"person"},{"SourceIDValue":"276809987","TargetID":"20587154","EntityType":"person"},{"SourceIDValue":"276926014","TargetID":"20596023","EntityType":"person"},{"SourceIDValue":"277047068","TargetID":"20596610","EntityType":"person"},{"SourceIDValue":"277320044","TargetID":"20592431","EntityType":"person"},{"SourceIDValue":"277451922","TargetID":"20588671","EntityType":"person"},{"SourceIDValue":"277542447","TargetID":"20590865","EntityType":"person"},{"SourceIDValue":"277560484","TargetID":"20597216","EntityType":"person"},{"SourceIDValue":"233669450","TargetID":"20588754","EntityType":"person"},{"SourceIDValue":"277724883","TargetID":"20589018","EntityType":"person"},{"SourceIDValue":"234231047","TargetID":"20589842","EntityType":"person"},{"SourceIDValue":"277747942","TargetID":"20588799","EntityType":"person"},{"SourceIDValue":"277761935","TargetID":"20588817","EntityType":"person"},{"SourceIDValue":"277762302","TargetID":"20590215","EntityType":"person"},{"SourceIDValue":"277924752","TargetID":"20591934","EntityType":"person"},{"SourceIDValue":"277983249","TargetID":"20585409","EntityType":"person"},{"SourceIDValue":"278044805","TargetID":"20597727","EntityType":"person"},{"SourceIDValue":"278604608","TargetID":"20586908","EntityType":"person"},{"SourceIDValue":"278741435","TargetID":"20589145","EntityType":"person"},{"SourceIDValue":"279206200","TargetID":"20589776","EntityType":"person"},{"SourceIDValue":"279647294","TargetID":"20594860","EntityType":"person"},{"SourceIDValue":"279702434","TargetID":"20593620","EntityType":"person"},{"SourceIDValue":"279702675","TargetID":"20589510","EntityType":"person"},{"SourceIDValue":"279707553","TargetID":"20593153","EntityType":"person"},{"SourceIDValue":"279708585","TargetID":"20589573","EntityType":"person"},{"SourceIDValue":"279798290","TargetID":"20589578","EntityType":"person"},{"SourceIDValue":"279829450","TargetID":"20589439","EntityType":"person"},{"SourceIDValue":"279843023","TargetID":"20588482","EntityType":"person"},{"SourceIDValue":"254256288","TargetID":"20589183","EntityType":"person"},{"SourceIDValue":"280303401","TargetID":"20590075","EntityType":"person"},{"SourceIDValue":"280545835","TargetID":"20589516","EntityType":"person"},{"SourceIDValue":"280702016","TargetID":"20590195","EntityType":"person"},{"SourceIDValue":"280706592","TargetID":"20591326","EntityType":"person"},{"SourceIDValue":"280804610","TargetID":"20600328","EntityType":"person"},{"SourceIDValue":"280808428","TargetID":"20589903","EntityType":"person"},{"SourceIDValue":"280869332","TargetID":"20598988","EntityType":"person"},{"SourceIDValue":"281505977","TargetID":"20589360","EntityType":"person"},{"SourceIDValue":"281508564","TargetID":"20590677","EntityType":"person"},{"SourceIDValue":"281620879","TargetID":"20594925","EntityType":"person"},{"SourceIDValue":"260569192","TargetID":"20590130","EntityType":"person"},{"SourceIDValue":"281680446","TargetID":"20588925","EntityType":"person"},{"SourceIDValue":"281704315","TargetID":"20589503","EntityType":"person"},{"SourceIDValue":"281709266","TargetID":"20590369","EntityType":"person"},{"SourceIDValue":"281804287","TargetID":"20588744","EntityType":"person"},{"SourceIDValue":"281887751","TargetID":"20589401","EntityType":"person"},{"SourceIDValue":"281940557","TargetID":"20600095","EntityType":"person"},{"SourceIDValue":"282548740","TargetID":"20588714","EntityType":"person"},{"SourceIDValue":"282620143","TargetID":"20588350","EntityType":"person"},{"SourceIDValue":"282620153","TargetID":"20588821","EntityType":"person"},{"SourceIDValue":"282668694","TargetID":"20589435","EntityType":"person"},{"SourceIDValue":"282702616","TargetID":"20589424","EntityType":"person"},{"SourceIDValue":"282704527","TargetID":"20593705","EntityType":"person"},{"SourceIDValue":"267377548","TargetID":"20596265","EntityType":"person"},{"SourceIDValue":"267603465","TargetID":"20589605","EntityType":"person"},{"SourceIDValue":"282941430","TargetID":"20600166","EntityType":"person"},{"SourceIDValue":"283402810","TargetID":"20589327","EntityType":"person"},{"SourceIDValue":"283468927","TargetID":"20589919","EntityType":"person"},{"SourceIDValue":"283504051","TargetID":"20590057","EntityType":"person"},{"SourceIDValue":"283504899","TargetID":"20588437","EntityType":"person"},{"SourceIDValue":"283504923","TargetID":"20588795","EntityType":"person"},{"SourceIDValue":"283708696","TargetID":"20588621","EntityType":"person"},{"SourceIDValue":"283720280","TargetID":"20589224","EntityType":"person"},{"SourceIDValue":"283740028","TargetID":"20589290","EntityType":"person"},{"SourceIDValue":"283741630","TargetID":"20590384","EntityType":"person"},{"SourceIDValue":"283824263","TargetID":"20589642","EntityType":"person"},{"SourceIDValue":"268203011","TargetID":"20589655","EntityType":"person"},{"SourceIDValue":"284481899","TargetID":"20590708","EntityType":"person"},{"SourceIDValue":"284728437","TargetID":"20588385","EntityType":"person"},{"SourceIDValue":"284763129","TargetID":"20594144","EntityType":"person"},{"SourceIDValue":"284780787","TargetID":"20588901","EntityType":"person"},{"SourceIDValue":"285143009","TargetID":"20590798","EntityType":"person"},{"SourceIDValue":"285704108","TargetID":"20588738","EntityType":"person"},{"SourceIDValue":"285726889","TargetID":"20590317","EntityType":"person"},{"SourceIDValue":"285727831","TargetID":"20588930","EntityType":"person"},{"SourceIDValue":"285728443","TargetID":"20590204","EntityType":"person"},{"SourceIDValue":"285787479","TargetID":"20588400","EntityType":"person"},{"SourceIDValue":"285805778","TargetID":"20589185","EntityType":"person"},{"SourceIDValue":"285889696","TargetID":"20588917","EntityType":"person"},{"SourceIDValue":"286340164","TargetID":"20588546","EntityType":"person"},{"SourceIDValue":"286341382","TargetID":"20590083","EntityType":"person"},{"SourceIDValue":"286562699","TargetID":"20588866","EntityType":"person"},{"SourceIDValue":"286566939","TargetID":"20589538","EntityType":"person"},{"SourceIDValue":"286585462","TargetID":"20588673","EntityType":"person"},{"SourceIDValue":"286641957","TargetID":"20589512","EntityType":"person"},{"SourceIDValue":"286668866","TargetID":"20589779","EntityType":"person"},{"SourceIDValue":"286740475","TargetID":"20590242","EntityType":"person"},{"SourceIDValue":"286800136","TargetID":"20588760","EntityType":"person"},{"SourceIDValue":"287466611","TargetID":"20589384","EntityType":"person"},{"SourceIDValue":"288495915","TargetID":"20600239","EntityType":"person"},{"SourceIDValue":"288729497","TargetID":"20590372","EntityType":"person"},{"SourceIDValue":"288749918","TargetID":"20588903","EntityType":"person"},{"SourceIDValue":"289289636","TargetID":"20589730","EntityType":"person"},{"SourceIDValue":"289426770","TargetID":"20588383","EntityType":"person"},{"SourceIDValue":"289574398","TargetID":"20590548","EntityType":"person"},{"SourceIDValue":"289687003","TargetID":"20589748","EntityType":"person"},{"SourceIDValue":"289722836","TargetID":"20594859","EntityType":"person"},{"SourceIDValue":"268664043","TargetID":"20588391","EntityType":"person"},{"SourceIDValue":"290020516","TargetID":"20588985","EntityType":"person"},{"SourceIDValue":"290608594","TargetID":"20589088","EntityType":"person"},{"SourceIDValue":"290643544","TargetID":"20589749","EntityType":"person"},{"SourceIDValue":"290647160","TargetID":"20588577","EntityType":"person"},{"SourceIDValue":"290741325","TargetID":"20589299","EntityType":"person"},{"SourceIDValue":"268761516","TargetID":"20590778","EntityType":"person"},{"SourceIDValue":"290800599","TargetID":"20593466","EntityType":"person"},{"SourceIDValue":"268764816","TargetID":"20590499","EntityType":"person"},{"SourceIDValue":"290923076","TargetID":"20595822","EntityType":"person"},{"SourceIDValue":"291679336","TargetID":"20588975","EntityType":"person"},{"SourceIDValue":"291761870","TargetID":"20589459","EntityType":"person"},{"SourceIDValue":"291781556","TargetID":"20588639","EntityType":"person"},{"SourceIDValue":"291968353","TargetID":"20587514","EntityType":"person"}]
